ISO	Country	Subject Descriptor	Units	Scale	Country/Series-specific Notes	2019	2020	2021	Estimates Start After
AUT	Austria	Gross domestic product, constant prices	Percent change		Source: National Statistics Office Latest actual data: 2019 National accounts manual used: European System of Accounts (ESA) 2010 GDP valuation: Market prices Start/end months of reporting year: January/December Base year: 2015 Chain-weighted: Yes, from 1995	1.585	-6.997	4.51	2019
AUT	Austria	Gross domestic product, current prices	Purchasing power parity; international dollars	Billions	Source: National Statistics Office Latest actual data: 2019 National accounts manual used: European System of Accounts (ESA) 2010 GDP valuation: Market prices Start/end months of reporting year: January/December Base year: 2015 Chain-weighted: Yes, from 1995	476.812	446.265	475.484	2019
AUT	Austria	Gross domestic product per capita, constant prices	Purchasing power parity; percent change		Source: National Statistics Office Latest actual data: 2019 National accounts manual used: European System of Accounts (ESA) 2010 GDP valuation: Market prices Start/end months of reporting year: January/December Base year: 2015 Chain-weighted: Yes, from 1995	0.839	-7.63	3.852	2019
AUT	Austria	Inflation, average consumer prices	Percent change		Source: National Statistics Office Latest actual data: 2019 Harmonized prices: Yes Frequency of source data: Monthly Base year: 2005	1.49	0.44	1.699	2019
AUT	Austria	Inflation, end of period consumer prices	Percent change		Source: National Statistics Office Latest actual data: 2019 Harmonized prices: Yes Frequency of source data: Monthly Base year: 2005	1.801	0.3	1.9	2019
AUT	Austria	Unemployment rate	Percent of total labor force		Source: National Statistics Office Latest actual data: 2019 Employment type: Harmonized ILO definition Primary domestic currency: Euro Data last updated: 04/2020	4.517	5.5	5	2019
AUT	Austria	General government net lending/borrowing	Percent of GDP		Source: National Statistics Office Latest actual data: 2019 Fiscal assumptions: Fiscal projections are based on data from Statistics Austria, the authorities? projections, and IMF staff estimates and projections. Start/end months of reporting year: January/December GFS Manual used: Government Finance Statistics Manual (GFSM) 2014 Basis of recording: Accrual General government includes: Central Government; State Government; Local Government; Social Security Funds; Valuation of public debt: Face value Instruments included in gross and net debt: Currency and Deposits; Securities Other than Shares; Loans;;. Our framework follows the Maastricht debt criteria.	0.443	-7.095	-1.562	2019
AUT	Austria	Current account balance	Percent of GDP		Source: Central Bank Latest actual data: 2019 BOP Manual used: Balance of Payments and International Investment Position Manual, sixth edition (BPM6)	2.614	1.898	1.979	2019
BEL	Belgium	Gross domestic product, constant prices	Percent change		Source: Central Bank. Data before 1995 were spliced with older series. Data from 1995 reflect current official series, following benchmark national account revision 1995-2018 released in Sept 2019. Latest actual data: 2019 National accounts manual used: European System of Accounts (ESA) 2010. ESA 2010 GDP valuation: Market prices Start/end months of reporting year: January/December Base year: 2015 Chain-weighted: Yes, from 1995. Data before 1995 are spliced with older series.	1.365	-6.924	4.564	2019
BEL	Belgium	Gross domestic product, current prices	Purchasing power parity; international dollars	Billions	Source: Central Bank. Data before 1995 were spliced with older series. Data from 1995 reflect current official series, following benchmark national account revision 1995-2018 released in Sept 2019. Latest actual data: 2019 National accounts manual used: European System of Accounts (ESA) 2010. ESA 2010 GDP valuation: Market prices Start/end months of reporting year: January/December Base year: 2015 Chain-weighted: Yes, from 1995. Data before 1995 are spliced with older series.	572.902	536.621	572.053	2019
BEL	Belgium	Gross domestic product per capita, constant prices	Purchasing power parity; percent change		Source: Central Bank. Data before 1995 were spliced with older series. Data from 1995 reflect current official series, following benchmark national account revision 1995-2018 released in Sept 2019. Latest actual data: 2019 National accounts manual used: European System of Accounts (ESA) 2010. ESA 2010 GDP valuation: Market prices Start/end months of reporting year: January/December Base year: 2015 Chain-weighted: Yes, from 1995. Data before 1995 are spliced with older series.	0.861	-7.404	4.024	2019
BEL	Belgium	Inflation, average consumer prices	Percent change		Source: Central Bank Latest actual data: 2019 Harmonized prices: Yes Frequency of source data: Monthly Base year: 2015	1.249	0.253	1.09	2019
BEL	Belgium	Inflation, end of period consumer prices	Percent change		Source: Central Bank Latest actual data: 2019 Harmonized prices: Yes Frequency of source data: Monthly Base year: 2015	0.922	-0.167	1.423	2019
BEL	Belgium	Unemployment rate	Percent of total labor force		Source: Central Bank. Some indicators have been affected by the benchmark national account revision 1995-2018 released in Sept 2019. Latest actual data: 2019 Employment type: Harmonized ILO definition Primary domestic currency: Euro Data last updated: 04/2020	5.358	7.3	6.8	2019
BEL	Belgium	General government net lending/borrowing	Percent of GDP		Source: Central Bank Latest actual data: 2018 Fiscal assumptions: Projections are based on the 2019-22 Stability Programme, the Draft Budgetary Plan 2020, and other available information on the authorities? fiscal plans, with adjustments for IMF staff assumptions. Start/end months of reporting year: January/December GFS Manual used: European System of Accounts (ESA) 2010 Basis of recording: Accrual General government includes: Central Government; State Government; Local Government; Social Security Funds; Other; Valuation of public debt: Face value Instruments included in gross and net debt: Currency and Deposits; Securities Other than Shares; Loans	-1.658	-8.875	-6.049	2018
BEL	Belgium	Current account balance	Percent of GDP		Source: Central Bank. Data are subject to frequent and sizable revisions. The latest took place in Sept-Oct 2019 covering 2015-18, and retropolated to 2009. Latest actual data: 2019 BOP Manual used: Balance of Payments and International Investment Position Manual, sixth edition (BPM6)	-1.227	-0.702	-1.078	2019
CYP	Cyprus	Gross domestic product, constant prices	Percent change		Source: Eurostat Latest actual data: 2019 National accounts manual used: ESA 2010 GDP valuation: Market prices Start/end months of reporting year: January/December Base year: 2010 Chain-weighted: Yes, from 1995	3.23	-6.471	5.594	2019
CYP	Cyprus	Gross domestic product, current prices	Purchasing power parity; international dollars	Billions	Source: Eurostat Latest actual data: 2019 National accounts manual used: ESA 2010 GDP valuation: Market prices Start/end months of reporting year: January/December Base year: 2010 Chain-weighted: Yes, from 1995	36.915	34.745	37.404	2019
CYP	Cyprus	Gross domestic product per capita, constant prices	Purchasing power parity; percent change		Source: Eurostat Latest actual data: 2019 National accounts manual used: ESA 2010 GDP valuation: Market prices Start/end months of reporting year: January/December Base year: 2010 Chain-weighted: Yes, from 1995	1.855	-7.527	4.402	2019
CYP	Cyprus	Inflation, average consumer prices	Percent change		Source: Haver. Haver seasonally adjusts non-seasonally adjusted Eurostat Data. Latest actual data: 2019 Harmonized prices: Yes. 2015=100 Frequency of source data: Monthly Base year: 2015	0.556	0.7	1	2019
CYP	Cyprus	Inflation, end of period consumer prices	Percent change		Source: Haver. Haver seasonally adjusts non-seasonally adjusted Eurostat Data. Latest actual data: 2019 Harmonized prices: Yes. 2015=100 Frequency of source data: Monthly Base year: 2015	0.778	0.8	1	2019
CYP	Cyprus	Unemployment rate	Percent of total labor force		Source: Eurostat, Labor force survey. Latest actual data: 2019 Employment type: Harmonized ILO definition Primary domestic currency: Euro Data last updated: 04/2020	7.075	8.824	7.378	2019
CYP	Cyprus	General government net lending/borrowing	Percent of GDP		Source: EUROSTAT until 2014. CYSTAT thereafter. The fiscal balances in 2014 and 2015 exclude the Euro 1.5 billion and Euro 0.175 billion coop recapitalizations, respectively, to better capture the underlying fiscal position. For 2015 and thereafter, FISIM on ESM loans is included in intermediate consumption rather than in the interest payment. Latest actual data: 2019 Notes: Gross debt follows the Maastricht definition of gross debt, and excludes other accounts payable. Net debt is derived as Maastricht definition gross debt minus assets in the form of currency and deposits and loans and debt securities (from Government Finance Statistics data up to 2009 and from IFS from 2010. Fiscal assumptions: Projections are based on staff's assessment of authorities' budget plans and staff's macroeconomic assumptions. Start/end months of reporting year: January/December GFS Manual used: European System of Accounts (ESA) 2010 Basis of recording: Accrual General government includes: Central Government; Local Government; Social Security Funds;. Extra-Budgetary Funds and entities referred as semi-public entities in the national classification are also covered as part of the Central Government fiscal information. Valuation of public debt: Face value	2.749	-1.809	1.935	2019
CYP	Cyprus	Current account balance	Percent of GDP		Source: Central Bank. Other, Eurostat Latest actual data: 2019 BOP Manual used: Balance of Payments and International Investment Position Manual, sixth edition (BPM6)	-6.715	-8.286	-5.604	2019
EST	Estonia	Gross domestic product, constant prices	Percent change		Source: National Statistics Office Latest actual data: 2019 Notes: Data from 2003 onwards reflect methodological revisions. National accounts manual used: European System of Accounts (ESA) 2010 GDP valuation: Market prices Start/end months of reporting year: January/December Base year: 2015 Chain-weighted: Yes, from 2010	4.334	-7.5	7.874	2019
EST	Estonia	Gross domestic product, current prices	Purchasing power parity; international dollars	Billions	Source: National Statistics Office Latest actual data: 2019 Notes: Data from 2003 onwards reflect methodological revisions. National accounts manual used: European System of Accounts (ESA) 2010 GDP valuation: Market prices Start/end months of reporting year: January/December Base year: 2015 Chain-weighted: Yes, from 2010	47.807	44.503	48.943	2019
EST	Estonia	Gross domestic product per capita, constant prices	Purchasing power parity; percent change		Source: National Statistics Office Latest actual data: 2019 Notes: Data from 2003 onwards reflect methodological revisions. National accounts manual used: European System of Accounts (ESA) 2010 GDP valuation: Market prices Start/end months of reporting year: January/December Base year: 2015 Chain-weighted: Yes, from 2010	4.111	-7.547	7.845	2019
EST	Estonia	Inflation, average consumer prices	Percent change		Source: National Statistics Office Latest actual data: 2019 Harmonized prices: Yes Frequency of source data: Monthly Base year: 2015	2.268	1.5	2	2019
EST	Estonia	Inflation, end of period consumer prices	Percent change		Source: National Statistics Office Latest actual data: 2019 Harmonized prices: Yes Frequency of source data: Monthly Base year: 2015	1.795	1.5	2	2019
EST	Estonia	Unemployment rate	Percent of total labor force		Source: National Statistics Office Latest actual data: 2019 Employment type: Harmonized ILO definition Primary domestic currency: Euro Data last updated: 04/2020	4.435	6	4.69	2019
EST	Estonia	General government net lending/borrowing	Percent of GDP		Source: Ministry of Finance or Treasury Latest actual data: 2019 Notes: gross debt follows the Maastricht definition of gross debt, and excludes other accounts payable Fiscal assumptions: The forecast, which is cash-, not accrual-, based, incorporates the authorities? 2019 budget, adjusted for newly available information and for the staff?s macroeconomic scenario. Start/end months of reporting year: January/December GFS Manual used: Hybrid of 1986 and 2001 manuals used Basis of recording: Cash General government includes: Central Government; Local Government; Social Security Funds; Valuation of public debt: Nominal value. This is the format of data provided by the authorities.	-0.396	-8.294	-3.028	2019
EST	Estonia	Current account balance	Percent of GDP		Source: Central Bank Latest actual data: 2019 BOP Manual used: Balance of Payments and International Investment Position Manual, sixth edition (BPM6)	1.745	-2.688	-1.913	2019
FIN	Finland	Gross domestic product, constant prices	Percent change		Source: National Statistics Office. Downloaded through Haver Analytics Latest actual data: 2018 National accounts manual used: ESA 2010 GDP valuation: Market prices Start/end months of reporting year: January/December Base year: 2010 Chain-weighted: Yes, from 1980	0.98	-6.031	3.096	2018
FIN	Finland	Gross domestic product, current prices	Purchasing power parity; international dollars	Billions	Source: National Statistics Office. Downloaded through Haver Analytics Latest actual data: 2018 National accounts manual used: ESA 2010 GDP valuation: Market prices Start/end months of reporting year: January/December Base year: 2010 Chain-weighted: Yes, from 1980	265.879	251.431	264.27	2018
FIN	Finland	Gross domestic product per capita, constant prices	Purchasing power parity; percent change		Source: National Statistics Office. Downloaded through Haver Analytics Latest actual data: 2018 National accounts manual used: ESA 2010 GDP valuation: Market prices Start/end months of reporting year: January/December Base year: 2010 Chain-weighted: Yes, from 1980	0.892	-6.212	2.907	2018
FIN	Finland	Inflation, average consumer prices	Percent change		Source: National Statistics Office. Eurostat, downloaded through Haver Analytics Latest actual data: 2019 Harmonized prices: Yes Frequency of source data: Monthly Base year: 2015	1.137	0.94	1.676	2019
FIN	Finland	Inflation, end of period consumer prices	Percent change		Source: National Statistics Office. Eurostat, downloaded through Haver Analytics Latest actual data: 2019 Harmonized prices: Yes Frequency of source data: Monthly Base year: 2015	1.137	0.775	2.018	2019
FIN	Finland	Unemployment rate	Percent of total labor force		Source: National Statistics Office. Downloaded through Haver Analytics Latest actual data: 2018 Employment type: Harmonized ILO definition Primary domestic currency: Euro Data last updated: 04/2020	6.717	8.265	8.383	2018
FIN	Finland	General government net lending/borrowing	Percent of GDP		Source: Ministry of Finance or Treasury Latest actual data: 2018 Fiscal assumptions: Based on announced policies by the authorities, adjusted for the Staff macroeconomic scenario. Start/end months of reporting year: January/December GFS Manual used: Government Finance Statistics Manual (GFSM) 2014 Basis of recording: Accrual General government includes: Central Government; Local Government; Social Security Funds; Valuation of public debt: Nominal value. Nominal Value debt valuation is consistent with Eurostat's definition Instruments included in gross and net debt: Currency and Deposits; Securities Other than Shares; Loans;. Data reported are based on the Maastricht definition. It covers all general governments in the sense of the national accounts: the State, other government bodies (ODAC), local governments and social security administrations. It does not include all financial liabilities but only cash and deposits, securities other than shares as well as loans; excluded are derivative products and other accounts payable.	-1.36	-6.703	-3.836	2018
FIN	Finland	Current account balance	Percent of GDP		Source: National Statistical Office Latest actual data: 2018 BOP Manual used: Balance of Payments and International Investment Position Manual, sixth edition (BPM6)	-0.1	-3.479	-2.974	2018
FRA	France	Gross domestic product, constant prices	Percent change		Source: National Statistics Office Latest actual data: 2018 National accounts manual used: European System of Accounts (ESA) 2010 GDP valuation: Market prices Start/end months of reporting year: January/December Base year: 2014 Chain-weighted: Yes, from 1980	1.31	-7.18	4.47	2018
FRA	France	Gross domestic product, current prices	Purchasing power parity; international dollars	Billions	Source: National Statistics Office Latest actual data: 2018 National accounts manual used: European System of Accounts (ESA) 2010 GDP valuation: Market prices Start/end months of reporting year: January/December Base year: 2014 Chain-weighted: Yes, from 1980	3061.815	2860.018	3046.127	2018
FRA	France	Gross domestic product per capita, constant prices	Purchasing power parity; percent change		Source: National Statistics Office Latest actual data: 2018 National accounts manual used: European System of Accounts (ESA) 2010 GDP valuation: Market prices Start/end months of reporting year: January/December Base year: 2014 Chain-weighted: Yes, from 1980	1.179	-7.424	4.186	2018
FRA	France	Inflation, average consumer prices	Percent change		Source: National Statistics Office Latest actual data: 2019 Notes: The original CPI index implies an inflation rate of 16.1 percent in 1990. WEO official inflation figure as smoothed by staff. Harmonized prices: Yes Frequency of source data: Monthly Base year: 2015	1.3	0.288	0.699	2019
FRA	France	Inflation, end of period consumer prices	Percent change		Source: National Statistics Office Latest actual data: 2019 Notes: The original CPI index implies an inflation rate of 16.1 percent in 1990. WEO official inflation figure as smoothed by staff. Harmonized prices: Yes Frequency of source data: Monthly Base year: 2015	1.623	-0.698	1.321	2019
FRA	France	Unemployment rate	Percent of total labor force		Source: National Statistics Office Latest actual data: 2019 Employment type: Harmonized ILO definition. Data prior to 1983 are not harmonized. Primary domestic currency: Euro Data last updated: 04/2020	8.45	10.398	10.397	2019
FRA	France	General government net lending/borrowing	Percent of GDP		Source: National Statistics Office Latest actual data: 2018 Fiscal assumptions: Estimates for 2019 and projections for 2020 onwards are based on the measures of the 2018 budget law, the 2019 budget law, the 2020 budget law, and the March 2020 amending budget law, adjusted for differences in assumptions on macro and financial variables, and revenue projections. Historical fiscal data reflect the May 2019 revisions and update of the historical fiscal accounts, debt data, and national accounts. Start/end months of reporting year: January/December GFS Manual used: Government Finance Statistics Manual (GFSM) 2014 Basis of recording: Accrual General government includes: Central Government; Local Government; Social Security Funds; Other; Valuation of public debt: Face value Instruments included in gross and net debt: Currency and Deposits; Securities Other than Shares; Loans	-3.015	-9.172	-6.243	2018
FRA	France	Current account balance	Percent of GDP		Source: Central Bank Latest actual data: 2019 BOP Manual used: Balance of Payments and International Investment Position Manual, sixth edition (BPM6)	-0.758	-0.725	-0.599	2019
DEU	Germany	Gross domestic product, constant prices	Percent change		Source: National Statistics Office Latest actual data: 2019 Notes: Data until 1990 refers to German federation only (West Germany). National accounts data until 1990 do not include FISIM. Data from 1991 refer to United Germany and include FISIM. National accounts manual used: European System of Accounts (ESA) 2010 GDP valuation: Market prices Start/end months of reporting year: January/December Base year: 2015 Chain-weighted: Yes, from 1991. From 1991.	0.565	-6.952	5.151	2019
DEU	Germany	Gross domestic product, current prices	Purchasing power parity; international dollars	Billions	Source: National Statistics Office Latest actual data: 2019 Notes: Data until 1990 refers to German federation only (West Germany). National accounts data until 1990 do not include FISIM. Data from 1991 refer to United Germany and include FISIM. National accounts manual used: European System of Accounts (ESA) 2010 GDP valuation: Market prices Start/end months of reporting year: January/December Base year: 2015 Chain-weighted: Yes, from 1991. From 1991.	4443.569	4160.925	4460.546	2019
DEU	Germany	Gross domestic product per capita, constant prices	Purchasing power parity; percent change		Source: National Statistics Office Latest actual data: 2019 Notes: Data until 1990 refers to German federation only (West Germany). National accounts data until 1990 do not include FISIM. Data from 1991 refer to United Germany and include FISIM. National accounts manual used: European System of Accounts (ESA) 2010 GDP valuation: Market prices Start/end months of reporting year: January/December Base year: 2015 Chain-weighted: Yes, from 1991. From 1991.	0.322	-6.961	5.215	2019
DEU	Germany	Inflation, average consumer prices	Percent change		Source: National Statistics Office Latest actual data: 2019 Notes: Data until 1990 refers to German federation only (West Germany). Data from 1991 refer to United Germany. Harmonized prices: Yes Frequency of source data: Monthly Base year: 2015	1.346	0.322	1.183	2019
DEU	Germany	Inflation, end of period consumer prices	Percent change		Source: National Statistics Office Latest actual data: 2019 Notes: Data until 1990 refers to German federation only (West Germany). Data from 1991 refer to United Germany. Harmonized prices: Yes Frequency of source data: Monthly Base year: 2015	1.53	0.203	1.34	2019
DEU	Germany	Unemployment rate	Percent of total labor force		Source: National Statistics Office Latest actual data: 2019 Notes: Data until 1990 refers to German federation only (West Germany). Data from 1991 refer to United Germany. Employment type: Harmonized ILO definition Primary domestic currency: Euro Data last updated: 04/2020	3.158	3.886	3.452	2019
DEU	Germany	General government net lending/borrowing	Percent of GDP		Source: National Statistics Office. Data of general government gross debt comes from EUROSTAT Latest actual data: 2019. The latest actual data of general government debt is 2019. Fiscal assumptions: The IMF staff?s projections for 2020 and beyond are based on the 2020 draft budgetary plan and data updates from the national statistical agency and ministry of finance, adjusted for the differences in the IMF staff's macroeconomic framework and assumptions concerning revenue elasticities.  The estimate of gross debt includes portfolios of impaired assets and noncore business transferred to institutions that are winding up, as well as other financial sector and EU support operations. Start/end months of reporting year: January/December GFS Manual used: European System of Accounts (ESA) 2010 Basis of recording: Accrual General government includes: Central Government; State Government; Local Government; Social Security Funds;. other refers to special funds Valuation of public debt: Face value Instruments included in gross and net debt: Currency and Deposits; Securities Other than Shares; Loans	1.449	-5.523	-1.193	2019
DEU	Germany	Current account balance	Percent of GDP		Source: Central Bank. Additional source: IMF Statistics Department Latest actual data: 2019 Notes: Data until 1990 refers to German federation only (West Germany). Data from 1991 refer to United Germany. BOP Manual used: Balance of Payments and International Investment Position Manual, sixth edition (BPM6)	7.146	6.58	6.662	2019
GRC	Greece	Gross domestic product, constant prices	Percent change		Source: National Statistics Office. Formally, the National Statistical Office (ELSTAT) Latest actual data: 2019. For quarterly data, latest actual is 2019Q4. Notes: The National Statistical Office has significantly and repeatedly revised national accounts data over the course of the past several years. Official data are only available from 1995. Data prior to 1995 came from European Commission Macro Forecasts (AMECO database). National accounts manual used: European System of Accounts (ESA) 2010 GDP valuation: Market prices Start/end months of reporting year: January/December Base year: 2010 Chain-weighted: Yes, from 1995	1.87	-10.04	5.064	2019
GRC	Greece	Gross domestic product, current prices	Purchasing power parity; international dollars	Billions	Source: National Statistics Office. Formally, the National Statistical Office (ELSTAT) Latest actual data: 2019. For quarterly data, latest actual is 2019Q4. Notes: The National Statistical Office has significantly and repeatedly revised national accounts data over the course of the past several years. Official data are only available from 1995. Data prior to 1995 came from European Commission Macro Forecasts (AMECO database). National accounts manual used: European System of Accounts (ESA) 2010 GDP valuation: Market prices Start/end months of reporting year: January/December Base year: 2010 Chain-weighted: Yes, from 1995	323.653	293.009	313.849	2019
GRC	Greece	Gross domestic product per capita, constant prices	Purchasing power parity; percent change		Source: National Statistics Office. Formally, the National Statistical Office (ELSTAT) Latest actual data: 2019. For quarterly data, latest actual is 2019Q4. Notes: The National Statistical Office has significantly and repeatedly revised national accounts data over the course of the past several years. Official data are only available from 1995. Data prior to 1995 came from European Commission Macro Forecasts (AMECO database). National accounts manual used: European System of Accounts (ESA) 2010 GDP valuation: Market prices Start/end months of reporting year: January/December Base year: 2010 Chain-weighted: Yes, from 1995	2.028	-9.821	5.333	2019
GRC	Greece	Inflation, average consumer prices	Percent change		Source: National Statistics Office. Formally, the National Statistical Office (ELSTAT) Latest actual data: 2019. For quarterly data, latest actual is 2019Q4. Harmonized prices: Yes Frequency of source data: Monthly Base year: 2005	0.517	-0.456	1.015	2019
GRC	Greece	Inflation, end of period consumer prices	Percent change		Source: National Statistics Office. Formally, the National Statistical Office (ELSTAT) Latest actual data: 2019. For quarterly data, latest actual is 2019Q4. Harmonized prices: Yes Frequency of source data: Monthly Base year: 2005	1.05	-0.637	1.365	2019
GRC	Greece	Unemployment rate	Percent of total labor force		Source: National Statistics Office. Formally, the National Statistical Office (ELSTAT) Latest actual data: 2019. For quarterly data, latest actual is 2019Q4. Notes: The historical data source for unit labor costs in manufacturing is eurostat. Employment type: National definition Primary domestic currency: Euro Data last updated: 04/2020	17.3	22.328	18.987	2019
GRC	Greece	General government net lending/borrowing	Percent of GDP		Source: National Statistics Office Latest actual data: 2018 Fiscal assumptions: Greece?s general government primary balance estimate for 2019 is based on the preliminary budget execution data by the Greek authorities. Historical data since 2010 reflect adjustments in line with the primary balance definition under the enhanced surveillance framework for Greece. Start/end months of reporting year: January/December GFS Manual used: Government Finance Statistics Manual (GFSM) 2014 Basis of recording: Accrual. Data in line with ESA-2010. General government includes: Central Government; Local Government; Social Security Funds; Valuation of public debt: Nominal value. General debt data, including historical data, are provisional and subject to revisions. Instruments included in gross and net debt: Currency and Deposits; Securities Other than Shares; Loans	0.39	-8.974	-7.907	2018
GRC	Greece	Current account balance	Percent of GDP		Source: Central Bank. Formally, the Bank of Greece. Latest actual data: 2019 Notes: The current account balance/primary income are revised by staff to include the deferred interest payments. BOP Manual used: Balance of Payments and International Investment Position Manual, sixth edition (BPM6)	-2.107	-6.498	-3.386	2019
IRL	Ireland	Gross domestic product, constant prices	Percent change		Source: National Statistics Office. Central Statistical Office of Ireland (CSO) Latest actual data: 2019 Notes: Prior to 1995 Real GDP is calculated using implied growth rates and excludes services produced by financial intermediaries (FISIM). National accounts manual used: European System of Accounts (ESA) 2010. The revision of NAs in accordance with ESA 2010 starts in 1997. GDP valuation: Market prices Start/end months of reporting year: January/December Base year: 2017. Base year changes every year. Due to chain-linking, the base equals to 100.1 instead of 100. Chain-weighted: Yes, from 1995	5.543	-6.781	6.274	2019
IRL	Ireland	Gross domestic product, current prices	Purchasing power parity; international dollars	Billions	Source: National Statistics Office. Central Statistical Office of Ireland (CSO) Latest actual data: 2019 Notes: Prior to 1995 Real GDP is calculated using implied growth rates and excludes services produced by financial intermediaries (FISIM). National accounts manual used: European System of Accounts (ESA) 2010. The revision of NAs in accordance with ESA 2010 starts in 1997. GDP valuation: Market prices Start/end months of reporting year: January/December Base year: 2017. Base year changes every year. Due to chain-linking, the base equals to 100.1 instead of 100. Chain-weighted: Yes, from 1995	417.875	392.014	424.732	2019
IRL	Ireland	Gross domestic product per capita, constant prices	Purchasing power parity; percent change		Source: National Statistics Office. Central Statistical Office of Ireland (CSO) Latest actual data: 2019 Notes: Prior to 1995 Real GDP is calculated using implied growth rates and excludes services produced by financial intermediaries (FISIM). National accounts manual used: European System of Accounts (ESA) 2010. The revision of NAs in accordance with ESA 2010 starts in 1997. GDP valuation: Market prices Start/end months of reporting year: January/December Base year: 2017. Base year changes every year. Due to chain-linking, the base equals to 100.1 instead of 100. Chain-weighted: Yes, from 1995	4.18	-7.886	5.274	2019
IRL	Ireland	Inflation, average consumer prices	Percent change		Source: National Statistics Office. Central Statistical Office of Ireland (CSO) Latest actual data: 2019 Harmonized prices: Yes Frequency of source data: Monthly Base year: 2015	0.877	0.4	1.7	2019
IRL	Ireland	Inflation, end of period consumer prices	Percent change		Source: National Statistics Office. Central Statistical Office of Ireland (CSO) Latest actual data: 2019 Harmonized prices: Yes Frequency of source data: Monthly Base year: 2015	0	1.492	1.8	2019
IRL	Ireland	Unemployment rate	Percent of total labor force		Source: National Statistics Office. Central Statistical Office of Ireland (CSO), data is from the Labor Force Survey (LFS) and is the average of the quarterly observations. Latest actual data: 2019 Employment type: Harmonized ILO definition Primary domestic currency: Euro Data last updated: 04/2020	4.992	12.109	7.866	2019
IRL	Ireland	General government net lending/borrowing	Percent of GDP		Source: Ministry of Finance or Treasury. Eurostat Latest actual data: 2018 Fiscal assumptions: Fiscal projections are based on the country's Budget 2020. Start/end months of reporting year: January/December GFS Manual used: Government Finance Statistics Manual (GFSM) 2001 Basis of recording: Accrual General government includes: Central Government; Local Government; Social Security Funds; Other; Valuation of public debt: Nominal value Instruments included in gross and net debt: Currency and Deposits; Securities Other than Shares; Loans;. Gross debt follows the Maastricht definition of gross debt, and excludes other accounts payable. Net debt is defined as gross debt less currency and deposits, debt securities, and loans.	0.302	-5.239	-0.76	2018
IRL	Ireland	Current account balance	Percent of GDP		Source: National Statistics Office. Central Statistical Office of Ireland (CSO) Latest actual data: 2019 BOP Manual used: Balance of Payments and International Investment Position Manual, sixth edition (BPM6)	-9.457	6.265	5.309	2019
ITA	Italy	Gross domestic product, constant prices	Percent change		Source: National Statistics Office Latest actual data: 2019 National accounts manual used: European System of Accounts (ESA) 2010. ESA2010 GDP valuation: Gross domestic product, chained Start/end months of reporting year: January/December Base year: 2015 Chain-weighted: Yes, from 1980	0.301	-9.134	4.83	2019
ITA	Italy	Gross domestic product, current prices	Purchasing power parity; international dollars	Billions	Source: National Statistics Office Latest actual data: 2019 National accounts manual used: European System of Accounts (ESA) 2010. ESA2010 GDP valuation: Gross domestic product, chained Start/end months of reporting year: January/December Base year: 2015 Chain-weighted: Yes, from 1980	2454.809	2244.767	2399.06	2019
ITA	Italy	Gross domestic product per capita, constant prices	Purchasing power parity; percent change		Source: National Statistics Office Latest actual data: 2019 National accounts manual used: European System of Accounts (ESA) 2010. ESA2010 GDP valuation: Gross domestic product, chained Start/end months of reporting year: January/December Base year: 2015 Chain-weighted: Yes, from 1980	0.508	-8.943	5.048	2019
ITA	Italy	Inflation, average consumer prices	Percent change		Source: National Statistics Office Latest actual data: 2019 Harmonized prices: Yes Frequency of source data: Monthly Base year: 2015	0.634	0.24	0.655	2019
ITA	Italy	Inflation, end of period consumer prices	Percent change		Source: National Statistics Office Latest actual data: 2019 Harmonized prices: Yes Frequency of source data: Monthly Base year: 2015	0.484	0.24	0.655	2019
ITA	Italy	Unemployment rate	Percent of total labor force		Source: National Statistics Office Latest actual data: 2019 Employment type: Harmonized ILO definition Primary domestic currency: Euro Data last updated: 04/2020	9.95	12.7	10.5	2019
ITA	Italy	General government net lending/borrowing	Percent of GDP		Source: National Statistics Office Latest actual data: 2019 Fiscal assumptions: The IMF staff?s estimates and projections are informed by the fiscal plans included in the government?s 2020 budget and announced measures since the outbreak of COVID-19. IMF staff assumes that the automatic value-added tax (VAT) hikes for future years will be canceled. The stock of maturing postal saving bonds (BPF) is included in the debt projections. Start/end months of reporting year: January/December GFS Manual used: Government Finance Statistics Manual (GFSM) 2001 Basis of recording: Accrual General government includes: Central Government; Local Government; Social Security Funds; Valuation of public debt: Face value Instruments included in gross and net debt: Currency and Deposits; Securities Other than Shares; Loans	-1.639	-8.339	-3.474	2019
ITA	Italy	Current account balance	Percent of GDP		Source: National Statistics Office Latest actual data: 2019 BOP Manual used: Balance of Payments and International Investment Position Manual, sixth edition (BPM6)	2.957	3.051	3.05	2019
LVA	Latvia	Gross domestic product, constant prices	Percent change		Source: National Statistics Office Latest actual data: 2019 National accounts manual used: European System of Accounts (ESA) 2010 GDP valuation: Market prices Start/end months of reporting year: January/December Base year: 2015 Chain-weighted: Yes, from 1995	2.197	-8.608	8.285	2019
LVA	Latvia	Gross domestic product, current prices	Purchasing power parity; international dollars	Billions	Source: National Statistics Office Latest actual data: 2019 National accounts manual used: European System of Accounts (ESA) 2010 GDP valuation: Market prices Start/end months of reporting year: January/December Base year: 2015 Chain-weighted: Yes, from 1995	59.475	54.7	60.387	2019
LVA	Latvia	Gross domestic product per capita, constant prices	Purchasing power parity; percent change		Source: National Statistics Office Latest actual data: 2019 National accounts manual used: European System of Accounts (ESA) 2010 GDP valuation: Market prices Start/end months of reporting year: January/December Base year: 2015 Chain-weighted: Yes, from 1995	2.505	-8.425	8.502	2019
LVA	Latvia	Inflation, average consumer prices	Percent change		Source: Eurostat Latest actual data: 2019 Harmonized prices: Yes Frequency of source data: Monthly Base year: 2015	2.747	-0.293	3.023	2019
LVA	Latvia	Inflation, end of period consumer prices	Percent change		Source: Eurostat Latest actual data: 2019 Harmonized prices: Yes Frequency of source data: Monthly Base year: 2015	2.137	0.496	2.446	2019
LVA	Latvia	Unemployment rate	Percent of total labor force		Source: National Statistics Office Latest actual data: 2019 Notes: Labor statistics are based on Labor Force Survey data, which were revised in 2011 in compliance with Population and Housing Census 2011 results; data before 2011 have not been revised yet. Employment type: Harmonized ILO definition Primary domestic currency: Euro Data last updated: 04/2020	6.318	8	6.3	2019
LVA	Latvia	General government net lending/borrowing	Percent of GDP		Source: Ministry of Finance or Treasury Latest actual data: 2019 Notes: Public debt covers debt of the general government excluding debt of the commercial companies and institutional units, reclassified by the Central Statistical Bureau (CSB) in the general government (central and local government) sector. It does not include liabilities in the form of other accounts payable. Start/end months of reporting year: January/December GFS Manual used: European System of Accounts (ESA) 2010 Basis of recording: Cash General government includes: Central Government; Local Government; Social Security Funds; Valuation of public debt: Nominal value Instruments included in gross and net debt: Currency and Deposits; Securities Other than Shares; Loans	-0.381	-5.169	-3.663	2019
LVA	Latvia	Current account balance	Percent of GDP		Source: Central Bank Latest actual data: 2019 BOP Manual used: Balance of Payments and International Investment Position Manual, sixth edition (BPM6)	-0.535	-2.161	-1.458	2019
LTU	Lithuania	Gross domestic product, constant prices	Percent change		Source: National Statistics Office. Data from Statistics Lithuania: http://www.stat.gov.lt/en/ Latest actual data: 2019 Notes: Data prior to 1995 cannot be confirmed by national sources at this time. National accounts manual used: European System of Accounts (ESA) 2010 GDP valuation: Market prices Start/end months of reporting year: January/December Base year: 2015 Chain-weighted: Yes, from 2005	3.914	-8.086	8.155	2019
LTU	Lithuania	Gross domestic product, current prices	Purchasing power parity; international dollars	Billions	Source: National Statistics Office. Data from Statistics Lithuania: http://www.stat.gov.lt/en/ Latest actual data: 2019 Notes: Data prior to 1995 cannot be confirmed by national sources at this time. National accounts manual used: European System of Accounts (ESA) 2010 GDP valuation: Market prices Start/end months of reporting year: January/December Base year: 2015 Chain-weighted: Yes, from 2005	103.014	95.286	105.066	2019
LTU	Lithuania	Gross domestic product per capita, constant prices	Purchasing power parity; percent change		Source: National Statistics Office. Data from Statistics Lithuania: http://www.stat.gov.lt/en/ Latest actual data: 2019 Notes: Data prior to 1995 cannot be confirmed by national sources at this time. National accounts manual used: European System of Accounts (ESA) 2010 GDP valuation: Market prices Start/end months of reporting year: January/December Base year: 2015 Chain-weighted: Yes, from 2005	4.594	-7.578	8.808	2019
LTU	Lithuania	Inflation, average consumer prices	Percent change		Source: National Statistics Office. Data from Statistics Lithuania: http://www.stat.gov.lt/en/ Latest actual data: 2019 Harmonized prices: Yes Frequency of source data: Monthly Base year: 2015	2.242	-0.254	1.67	2019
LTU	Lithuania	Inflation, end of period consumer prices	Percent change		Source: National Statistics Office. Data from Statistics Lithuania: http://www.stat.gov.lt/en/ Latest actual data: 2019 Harmonized prices: Yes Frequency of source data: Monthly Base year: 2015	2.73	-0.254	1.67	2019
LTU	Lithuania	Unemployment rate	Percent of total labor force		Source: National Statistics Office Latest actual data: 2019 Employment type: Eurostat harmonized data Primary domestic currency: Euro Data last updated: 04/2020	6.3	8.9	8.1	2019
LTU	Lithuania	General government net lending/borrowing	Percent of GDP		Source: Ministry of Finance or Treasury Latest actual data: 2018 Notes: ?gross debt follows the Maastricht definition of gross debt, and excludes other accounts payable Fiscal assumptions: Fiscal projections for the current year take into account up-to-date available data. Projections for future years are passive on the basis on announced policy measures and the envisioned neutral stance by the authorities. Start/end months of reporting year: January/December GFS Manual used: Government Finance Statistics Manual (GFSM) 2014 Basis of recording: Accrual General government includes: Central Government; Local Government; Social Security Funds; Valuation of public debt: Nominal value. This is the format of data presented by the authorities.	0.248	-7.629	-2.529	2018
LTU	Lithuania	Current account balance	Percent of GDP		Source: Central Bank. http://www.lbank.lt/eng/statistic/index.html. Latest actual data: 2019. Monthly data available for June 2018 Notes: Data prior to 1993 cannot be confirmed by national sources at this time. BOP Manual used: Balance of Payments and International Investment Position Manual, sixth edition (BPM6)	4.274	6.013	4.455	2019
LUX	Luxembourg	Gross domestic product, constant prices	Percent change		Source: National Statistics Office Latest actual data: 2019 National accounts manual used: European System of Accounts (ESA) 2010 GDP valuation: Market prices Start/end months of reporting year: January/December Base year: 2010 Chain-weighted: Yes, from 1995. The Luxembourg statistics office (STATEC) publishes the national accounts data starting from 2000 only. Previously, the same data were published from 1995, but when the authorities moved to the ESA 2010 standard, the historical data were only revised back to 2000.	2.298	-4.898	4.846	2019
LUX	Luxembourg	Gross domestic product, current prices	Purchasing power parity; international dollars	Billions	Source: National Statistics Office Latest actual data: 2019 National accounts manual used: European System of Accounts (ESA) 2010 GDP valuation: Market prices Start/end months of reporting year: January/December Base year: 2010 Chain-weighted: Yes, from 1995. The Luxembourg statistics office (STATEC) publishes the national accounts data starting from 2000 only. Previously, the same data were published from 1995, but when the authorities moved to the ESA 2010 standard, the historical data were only revised back to 2000.	68.824	65.868	70.407	2019
LUX	Luxembourg	Gross domestic product per capita, constant prices	Purchasing power parity; percent change		Source: National Statistics Office Latest actual data: 2019 National accounts manual used: European System of Accounts (ESA) 2010 GDP valuation: Market prices Start/end months of reporting year: January/December Base year: 2010 Chain-weighted: Yes, from 1995. The Luxembourg statistics office (STATEC) publishes the national accounts data starting from 2000 only. Previously, the same data were published from 1995, but when the authorities moved to the ESA 2010 standard, the historical data were only revised back to 2000.	0.317	-6.74	2.815	2019
LUX	Luxembourg	Inflation, average consumer prices	Percent change		Source: National Statistics Office Latest actual data: 2019 Harmonized prices: Yes Frequency of source data: Monthly Base year: 2015	1.654	0.705	1.478	2019
LUX	Luxembourg	Inflation, end of period consumer prices	Percent change		Source: National Statistics Office Latest actual data: 2019 Harmonized prices: Yes Frequency of source data: Monthly Base year: 2015	1.84	0.6	1.3	2019
LUX	Luxembourg	Unemployment rate	Percent of total labor force		Source: National Statistics Office Latest actual data: 2019 Employment type: Harmonized ILO definition Primary domestic currency: Euro Data last updated: 04/2020	5.4	7.717	6.796	2019
LUX	Luxembourg	General government net lending/borrowing	Percent of GDP		Source: Ministry of Finance or Treasury Latest actual data: 2019 Notes: Gross debt follows the Maastricht definition of gross debt, and excludes other accounts payable Fiscal assumptions: Projections are based on the authorities? best understanding of the new government?s plans for 2019 and the medium term Start/end months of reporting year: January/December GFS Manual used: Government Finance Statistics Manual (GFSM) 2001 Basis of recording: Accrual General government includes: Central Government; Local Government; Social Security Funds; Valuation of public debt: Face value Instruments included in gross and net debt: Currency and Deposits; Securities Other than Shares; Loans	2.715	-2.768	0.236	2019
LUX	Luxembourg	Current account balance	Percent of GDP		Source: National Statistics Office Latest actual data: 2019 BOP Manual used: Balance of Payments and International Investment Position Manual, sixth edition (BPM6)	4.481	3.959	4.367	2019
MLT	Malta	Gross domestic product, constant prices	Percent change		Source: Haver Analytics. Eurostat Latest actual data: 2019 National accounts manual used: European System of Accounts (ESA) 2010 GDP valuation: Market prices Start/end months of reporting year: January/December Base year: 2010 Chain-weighted: Yes, from 2000	4.384	-2.814	7.018	2019
MLT	Malta	Gross domestic product, current prices	Purchasing power parity; international dollars	Billions	Source: Haver Analytics. Eurostat Latest actual data: 2019 National accounts manual used: European System of Accounts (ESA) 2010 GDP valuation: Market prices Start/end months of reporting year: January/December Base year: 2010 Chain-weighted: Yes, from 2000	23.001	22.496	24.544	2019
MLT	Malta	Gross domestic product per capita, constant prices	Purchasing power parity; percent change		Source: Haver Analytics. Eurostat Latest actual data: 2019 National accounts manual used: European System of Accounts (ESA) 2010 GDP valuation: Market prices Start/end months of reporting year: January/December Base year: 2010 Chain-weighted: Yes, from 2000	2.424	-4.439	5.54	2019
MLT	Malta	Inflation, average consumer prices	Percent change		Source: Haver Analytics. Eurostat Latest actual data: 2019 Harmonized prices: Yes Frequency of source data: Monthly Base year: 2015	1.523	0.582	1.933	2019
MLT	Malta	Inflation, end of period consumer prices	Percent change		Source: Haver Analytics. Eurostat Latest actual data: 2019 Harmonized prices: Yes Frequency of source data: Monthly Base year: 2015	1.283	0.336	2.001	2019
MLT	Malta	Unemployment rate	Percent of total labor force		Source: Eurostat, Labor Force Survey Latest actual data: 2018 Employment type: Harmonized ILO definition Primary domestic currency: Euro Data last updated: 04/2020	3.425	5	4.4	2018
MLT	Malta	General government net lending/borrowing	Percent of GDP		Source: NSO data via Eurostat Latest actual data: 2018 Fiscal assumptions: Projections are based on the latest Stability Programme Update by the authorities and budget documents, taking also into account other recently adopted fiscal measures, adjusted for staff's macroeconomic and other assumptions. Start/end months of reporting year: January/December GFS Manual used: Government Finance Statistics Manual (GFSM) 2001 Basis of recording: Accrual General government includes: Central Government; Social Security Funds; Valuation of public debt: Nominal value Instruments included in gross and net debt: Currency and Deposits; Securities Other than Shares; Loans;. Gross debt follows the Maastricht definition of gross debt, and excludes other accounts payable.	1.294	-7.227	-0.446	2018
MLT	Malta	Current account balance	Percent of GDP		Source: National Statistics Office Latest actual data: 2018 BOP Manual used: Balance of Payments and International Investment Position Manual, sixth edition (BPM6)	8.433	3.332	6.091	2018
NLD	Netherlands	Gross domestic product, constant prices	Percent change		Source: National Statistics Office Latest actual data: 2019 National accounts manual used: ESA 2010 GDP valuation: Market prices Start/end months of reporting year: January/December Base year: 2015 Chain-weighted: Yes, from 1980	1.811	-7.493	2.983	2019
NLD	Netherlands	Gross domestic product, current prices	Purchasing power parity; international dollars	Billions	Source: National Statistics Office Latest actual data: 2019 National accounts manual used: ESA 2010 GDP valuation: Market prices Start/end months of reporting year: January/December Base year: 2015 Chain-weighted: Yes, from 1980	1005.337	935.911	982.624	2019
NLD	Netherlands	Gross domestic product per capita, constant prices	Purchasing power parity; percent change		Source: National Statistics Office Latest actual data: 2019 National accounts manual used: ESA 2010 GDP valuation: Market prices Start/end months of reporting year: January/December Base year: 2015 Chain-weighted: Yes, from 1980	1.515	-7.761	2.686	2019
NLD	Netherlands	Inflation, average consumer prices	Percent change		Source: National Statistics Office Latest actual data: 2019 Harmonized prices: Yes Frequency of source data: Monthly Base year: 2015	2.673	0.495	1.154	2019
NLD	Netherlands	Inflation, end of period consumer prices	Percent change		Source: National Statistics Office Latest actual data: 2019 Harmonized prices: Yes Frequency of source data: Monthly Base year: 2015	2.817	0.825	1.254	2019
NLD	Netherlands	Unemployment rate	Percent of total labor force		Source: National Statistics Office Latest actual data: 2019 Employment type: Harmonized OECD definition Primary domestic currency: Euro Data last updated: 04/2020	3.39	6.5	5	2019
NLD	Netherlands	General government net lending/borrowing	Percent of GDP		Source: Ministry of Finance or Treasury Latest actual data: 2019 Notes: Gross debt follows the Maastricht definition of gross debt, and excludes other accounts payable. Fiscal assumptions: Fiscal projections for the period 2019?24 are based on the authorities? Bureau for Economic Policy Analysis budget projections, after differences in macroeconomic assumptions are adjusted for. Historical data were revised following the June 2014 Central Bureau of Statistics release of revised macro data because of the adoption of the European System of National and Regional Accounts (ESA 2010) and the revisions of data sources. Start/end months of reporting year: January/December GFS Manual used: Government Finance Statistics Manual (GFSM) 2001 Basis of recording: Accrual General government includes: Central Government; Local Government; Social Security Funds; Valuation of public debt: Nominal value Instruments included in gross and net debt: Currency and Deposits; Securities Other than Shares; Loans	1.659	-6.164	-2.136	2019
NLD	Netherlands	Current account balance	Percent of GDP		Source: Central Bank. IMF STA BPM6 Database Latest actual data: 2018. The latest data (2018) is sourced from the DNB. Notes: SFIs are integrated in the resident economy. BOP Manual used: Balance of Payments and International Investment Position Manual, sixth edition (BPM6)	10.865	9.006	9.384	2018
PRT	Portugal	Gross domestic product, constant prices	Percent change		Source: National Statistics Office Latest actual data: 2019 National accounts manual used: European System of Accounts (ESA) 2010 GDP valuation: Market prices Start/end months of reporting year: January/December Base year: 2016 Chain-weighted: Yes, from 1980	2.157	-8	5	2019
PRT	Portugal	Gross domestic product, current prices	Purchasing power parity; international dollars	Billions	Source: National Statistics Office Latest actual data: 2019 National accounts manual used: European System of Accounts (ESA) 2010 GDP valuation: Market prices Start/end months of reporting year: January/December Base year: 2016 Chain-weighted: Yes, from 1980	346.926	321.199	343.835	2019
PRT	Portugal	Gross domestic product per capita, constant prices	Purchasing power parity; percent change		Source: National Statistics Office Latest actual data: 2019 National accounts manual used: European System of Accounts (ESA) 2010 GDP valuation: Market prices Start/end months of reporting year: January/December Base year: 2016 Chain-weighted: Yes, from 1980	2.197	-7.861	5.187	2019
PRT	Portugal	Inflation, average consumer prices	Percent change		Source: National Statistics Office Latest actual data: 2019 Harmonized prices: Yes Frequency of source data: Monthly Base year: 2015	0.3	-0.198	1.35	2019
PRT	Portugal	Inflation, end of period consumer prices	Percent change		Source: National Statistics Office Latest actual data: 2019 Harmonized prices: Yes Frequency of source data: Monthly Base year: 2015	0.369	-0.242	1.574	2019
PRT	Portugal	Unemployment rate	Percent of total labor force		Source: National Statistics Office Latest actual data: 2019 Employment type: Harmonized ILO definition Primary domestic currency: Euro Data last updated: 04/2020	6.463	13.94	8.685	2019
PRT	Portugal	General government net lending/borrowing	Percent of GDP		Source: National Statistics Office Latest actual data: 2019. General government statistics in 2017 are provisional and will be updated after the actual data are published. Notes: Gross debt follows the Maastricht definition of gross debt, and excludes other accounts payable. Fiscal assumptions: The projections for the current year are based on the authorities? approved budget, adjusted to reflect the IMF staff?s macroeconomic forecast. Projections thereafter are based on the assumption of unchanged policies. Start/end months of reporting year: January/December GFS Manual used: Government Finance Statistics Manual (GFSM) 2001 Basis of recording: Accrual General government includes: Central Government; Local Government; Social Security Funds; Other; Valuation of public debt: Nominal value Instruments included in gross and net debt: Currency and Deposits; Securities Other than Shares; Loans	0.19	-7.094	-1.888	2019
PRT	Portugal	Current account balance	Percent of GDP		Source: Central Bank Latest actual data: 2019 BOP Manual used: Balance of Payments and International Investment Position Manual, sixth edition (BPM6)	-0.085	0.282	-0.356	2019
SVK	Slovak Republic	Gross domestic product, constant prices	Percent change		Source: Haver Analytics. Eurostat Latest actual data: 2019 National accounts manual used: European System of Accounts (ESA) 2010 GDP valuation: Market prices Start/end months of reporting year: January/December Base year: 2015 Chain-weighted: Yes, from 1997	2.276	-6.2	4.963	2019
SVK	Slovak Republic	Gross domestic product, current prices	Purchasing power parity; international dollars	Billions	Source: Haver Analytics. Eurostat Latest actual data: 2019 National accounts manual used: European System of Accounts (ESA) 2010 GDP valuation: Market prices Start/end months of reporting year: January/December Base year: 2015 Chain-weighted: Yes, from 1997	198.382	187.264	200.39	2019
SVK	Slovak Republic	Gross domestic product per capita, constant prices	Purchasing power parity; percent change		Source: Haver Analytics. Eurostat Latest actual data: 2019 National accounts manual used: European System of Accounts (ESA) 2010 GDP valuation: Market prices Start/end months of reporting year: January/December Base year: 2015 Chain-weighted: Yes, from 1997	2.139	-6.326	4.822	2019
SVK	Slovak Republic	Inflation, average consumer prices	Percent change		Source: Haver Analytics. Eurostat Latest actual data: 2019 Harmonized prices: Yes. 2005=100 Frequency of source data: Monthly Base year: 2015	2.767	1.064	1.446	2019
SVK	Slovak Republic	Inflation, end of period consumer prices	Percent change		Source: Haver Analytics. Eurostat Latest actual data: 2019 Harmonized prices: Yes. 2005=100 Frequency of source data: Monthly Base year: 2015	3.217	0.396	1.791	2019
SVK	Slovak Republic	Unemployment rate	Percent of total labor force		Source: Haver Analytics. National Statistical Office Latest actual data: 2019 Employment type: Harmonized ILO definition Primary domestic currency: Euro Data last updated: 04/2020	5.775	8.016	7.392	2019
SVK	Slovak Republic	General government net lending/borrowing	Percent of GDP		Source: Eurostat Latest actual data: 2019 Notes: Gross debt follows the Maastricht definition of gross debt, and excludes other accounts payable. Fiscal assumptions: The current year projections take into consideration both the budget and developments to date. Next year and beyond reflect a no-policy-change scenario. Start/end months of reporting year: January/December GFS Manual used: Government Finance Statistics Manual (GFSM) 2001 Basis of recording: Accrual General government includes: Central Government; Local Government; Social Security Funds; Valuation of public debt: Face value Instruments included in gross and net debt: Currency and Deposits; Securities Other than Shares; Loans; Shares and Other Equity; Other Accounts Receivable/Payable; Monetary Gold and SDRs;. Our framework follows the Maastricht debt criteria.	-1.26	-5.907	-2.784	2019
SVK	Slovak Republic	Current account balance	Percent of GDP		Source: Central Bank. National bank of Slovakia Latest actual data: 2019 Notes: Balance of payments data before 2009 reflect staff estimates to comply with BPM6 pending provision of a longer times series based on BPM6. BOP Manual used: Balance of Payments and International Investment Position Manual, sixth edition (BPM6)	-3.175	-2.985	-2.448	2019
SVN	Slovenia	Gross domestic product, constant prices	Percent change		Source: National Statistics Office Latest actual data: 2019 National accounts manual used: European System of Accounts (ESA) 2010 GDP valuation: Market prices Start/end months of reporting year: January/December Base year: 2010 Chain-weighted: Yes, from 2000	2.443	-8.039	5.448	2019
SVN	Slovenia	Gross domestic product, current prices	Purchasing power parity; international dollars	Billions	Source: National Statistics Office Latest actual data: 2019 National accounts manual used: European System of Accounts (ESA) 2010 GDP valuation: Market prices Start/end months of reporting year: January/December Base year: 2010 Chain-weighted: Yes, from 2000	79.179	73.276	78.775	2019
SVN	Slovenia	Gross domestic product per capita, constant prices	Purchasing power parity; percent change		Source: National Statistics Office Latest actual data: 2019 National accounts manual used: European System of Accounts (ESA) 2010 GDP valuation: Market prices Start/end months of reporting year: January/December Base year: 2010 Chain-weighted: Yes, from 2000	2.394	-8.083	5.398	2019
SVN	Slovenia	Inflation, average consumer prices	Percent change		Source: National Statistics Office Latest actual data: 2019 Harmonized prices: No Frequency of source data: Monthly Base year: 2015	1.628	0.401	1.408	2019
SVN	Slovenia	Inflation, end of period consumer prices	Percent change		Source: National Statistics Office Latest actual data: 2019 Harmonized prices: No Frequency of source data: Monthly Base year: 2015	1.841	0.199	1.782	2019
SVN	Slovenia	Unemployment rate	Percent of total labor force		Source: National Statistics Office Latest actual data: 2019 Employment type: Harmonized ILO definition Primary domestic currency: Euro Data last updated: 04/2020	4.6	9	6	2019
SVN	Slovenia	General government net lending/borrowing	Percent of GDP		Source: Ministry of Finance or Treasury Latest actual data: 2019 Notes: Gross debt follows the Maastricht definition of gross debt, and excludes other accounts payable. Start/end months of reporting year: January/December GFS Manual used: Government Finance Statistics Manual (GFSM) 2001 Basis of recording: Accrual General government includes: Central Government; Local Government; Social Security Funds; Valuation of public debt: Face value Instruments included in gross and net debt: Currency and Deposits; Securities Other than Shares; Loans; Other	0.533	-6.588	-2.149	2019
SVN	Slovenia	Current account balance	Percent of GDP		Source: Central Bank Latest actual data: 2019 BOP Manual used: Balance of Payments and International Investment Position Manual, sixth edition (BPM6)	6.563	0.846	3.24	2019
ESP	Spain	Gross domestic product, constant prices	Percent change		Source: National Statistics Office Latest actual data: 2019 National accounts manual used: European System of Accounts (ESA) 2010 GDP valuation: Market prices Start/end months of reporting year: January/December Base year: 2015 Chain-weighted: Yes, from 1995	1.977	-8	4.276	2019
ESP	Spain	Gross domestic product, current prices	Purchasing power parity; international dollars	Billions	Source: National Statistics Office Latest actual data: 2019 National accounts manual used: European System of Accounts (ESA) 2010 GDP valuation: Market prices Start/end months of reporting year: January/December Base year: 2015 Chain-weighted: Yes, from 1995	1923.646	1780.996	1893.362	2019
ESP	Spain	Gross domestic product per capita, constant prices	Purchasing power parity; percent change		Source: National Statistics Office Latest actual data: 2019 National accounts manual used: European System of Accounts (ESA) 2010 GDP valuation: Market prices Start/end months of reporting year: January/December Base year: 2015 Chain-weighted: Yes, from 1995	1.895	-8.413	3.81	2019
ESP	Spain	Inflation, average consumer prices	Percent change		Source: National Statistics Office Latest actual data: 2019 Harmonized prices: Yes Frequency of source data: Monthly Base year: 2016	0.7	-0.301	0.654	2019
ESP	Spain	Inflation, end of period consumer prices	Percent change		Source: National Statistics Office Latest actual data: 2019 Harmonized prices: Yes Frequency of source data: Monthly Base year: 2016	0.788	-0.988	1.394	2019
ESP	Spain	Unemployment rate	Percent of total labor force		Source: National Statistics Office Latest actual data: 2019 Employment type: Harmonized ILO definition Primary domestic currency: Euro Data last updated: 04/2020	14.105	20.801	17.477	2019
ESP	Spain	General government net lending/borrowing	Percent of GDP		Source: Ministry of Finance or Treasury. Eurostat Latest actual data: 2019 Notes: Gross debt follows the Maastricht definition of gross debt, and excludes other accounts payable. Fiscal assumptions: Fiscal projections for 2020 are IMF staff projections which include the legislated public wage and pension increases, as well as the measures adopted as of March 30th in response to the COVID-19 crisis. Fiscal projections from 2021 onwards are IMF staff projections with an unchanged policy stance. Start/end months of reporting year: January/December GFS Manual used: European System of Accounts (ESA) 2010 Basis of recording: Accrual General government includes: Central Government; State Government; Local Government; Social Security Funds; Valuation of public debt: Nominal value Instruments included in gross and net debt: Currency and Deposits; Securities Other than Shares; Loans	-2.642	-9.509	-6.656	2019
ESP	Spain	Current account balance	Percent of GDP		Source: Central Bank Latest actual data: 2019 BOP Manual used: Balance of Payments and International Investment Position Manual, sixth edition (BPM6)	1.999	2.178	2.39	2019
									
International Monetary Fund, World Economic Outlook Database, April 2020									
